{
	"credit": "Made with Blockbench",
	"textures": {
		"0": "item/stone_axe",
		"particle": "item/stone_axe"
	},
	"elements": [
		{
			"from": [7, 0, -9],
			"to": [8, 2, -7],
			"rotation": {"angle": -45, "axis": "x", "origin": [15, 17, 8]},
			"faces": {
				"north": {"uv": [14, 13, 15, 15], "texture": "#0"},
				"east": {"uv": [14, 10, 16, 12], "texture": "#0"},
				"south": {"uv": [14, 13, 15, 15], "texture": "#0"},
				"west": {"uv": [14, 12, 16, 14], "texture": "#0"},
				"up": {"uv": [14, 13, 15, 15], "texture": "#0"},
				"down": {"uv": [14, 12, 15, 14], "texture": "#0"}
			}
		},
		{
			"from": [7, 4, -5],
			"to": [8, 6, -3],
			"rotation": {"angle": -45, "axis": "x", "origin": [15, 17, 8]},
			"faces": {
				"north": {"uv": [15, 4, 16, 6], "texture": "#0"},
				"east": {"uv": [14, 4, 16, 6], "texture": "#0"},
				"south": {"uv": [15, 4, 16, 6], "texture": "#0"},
				"west": {"uv": [14, 4, 16, 6], "texture": "#0"},
				"up": {"uv": [15, 4, 16, 6], "texture": "#0"},
				"down": {"uv": [15, 4, 16, 6], "texture": "#0"}
			}
		},
		{
			"from": [7, 2, -7],
			"to": [8, 4, -5],
			"rotation": {"angle": -45, "axis": "x", "origin": [15, 17, 8]},
			"faces": {
				"north": {"uv": [15, 4, 16, 6], "texture": "#0"},
				"east": {"uv": [14, 4, 16, 6], "texture": "#0"},
				"south": {"uv": [15, 4, 16, 6], "texture": "#0"},
				"west": {"uv": [14, 4, 16, 6], "texture": "#0"},
				"up": {"uv": [15, 4, 16, 6], "texture": "#0"},
				"down": {"uv": [15, 4, 16, 6], "texture": "#0"}
			}
		},
		{
			"from": [7, 6, -3],
			"to": [8, 8, -1],
			"rotation": {"angle": -45, "axis": "x", "origin": [15, 17, 8]},
			"faces": {
				"north": {"uv": [15, 0, 16, 2], "texture": "#0"},
				"east": {"uv": [14, 2, 16, 4], "texture": "#0"},
				"south": {"uv": [15, 0, 16, 2], "texture": "#0"},
				"west": {"uv": [14, 0, 16, 2], "texture": "#0"},
				"up": {"uv": [15, 0, 16, 2], "texture": "#0"},
				"down": {"uv": [15, 0, 16, 2], "texture": "#0"}
			}
		},
		{
			"from": [7, 7, -3],
			"to": [8, 9, -1],
			"rotation": {"angle": -45, "axis": "x", "origin": [15, 18, 8]},
			"faces": {
				"north": {"uv": [15, 0, 16, 2], "texture": "#0"},
				"east": {"uv": [14, 2, 16, 4], "texture": "#0"},
				"south": {"uv": [15, 0, 16, 2], "texture": "#0"},
				"west": {"uv": [14, 0, 16, 2], "texture": "#0"},
				"up": {"uv": [15, 0, 16, 2], "texture": "#0"},
				"down": {"uv": [15, 0, 16, 2], "texture": "#0"}
			}
		},
		{
			"from": [7, 1, -8],
			"to": [8, 3, -6],
			"rotation": {"angle": -45, "axis": "x", "origin": [15, 17, 8]},
			"faces": {
				"north": {"uv": [15, 0, 16, 2], "texture": "#0"},
				"east": {"uv": [14, 2, 16, 4], "texture": "#0"},
				"south": {"uv": [15, 0, 16, 2], "texture": "#0"},
				"west": {"uv": [14, 0, 16, 2], "texture": "#0"},
				"up": {"uv": [15, 0, 16, 2], "texture": "#0"},
				"down": {"uv": [15, 0, 16, 2], "texture": "#0"}
			}
		},
		{
			"from": [7, 5, -4],
			"to": [8, 7, -2],
			"rotation": {"angle": -45, "axis": "x", "origin": [15, 17, 8]},
			"faces": {
				"north": {"uv": [15, 0, 16, 2], "texture": "#0"},
				"east": {"uv": [14, 8, 16, 10], "texture": "#0"},
				"south": {"uv": [15, 0, 16, 2], "texture": "#0"},
				"west": {"uv": [14, 6, 16, 8], "texture": "#0"},
				"up": {"uv": [15, 0, 16, 2], "texture": "#0"},
				"down": {"uv": [15, 0, 16, 2], "texture": "#0"}
			}
		},
		{
			"from": [7, 3, -6],
			"to": [8, 5, -4],
			"rotation": {"angle": -45, "axis": "x", "origin": [15, 17, 8]},
			"faces": {
				"north": {"uv": [15, 4, 16, 6], "texture": "#0"},
				"east": {"uv": [14, 4, 16, 6], "texture": "#0"},
				"south": {"uv": [15, 4, 16, 6], "texture": "#0"},
				"west": {"uv": [14, 4, 16, 6], "texture": "#0"},
				"up": {"uv": [15, 4, 16, 6], "texture": "#0"},
				"down": {"uv": [15, 4.5, 16, 6.5], "texture": "#0"}
			}
		},
		{
			"from": [4, 4, 1],
			"to": [11, 11, 15],
			"rotation": {"angle": 0, "axis": "y", "origin": [15, 14, 15]},
			"faces": {
				"north": {"uv": [7, 7, 14, 14], "texture": "#0"},
				"east": {"uv": [0, 0, 14, 7], "texture": "#0"},
				"south": {"uv": [7, 7, 14, 14], "texture": "#0"},
				"west": {"uv": [0, 0, 14, 7], "texture": "#0"},
				"up": {"uv": [0, 0, 8, 16], "texture": "#0"},
				"down": {"uv": [0, 0, 7, 14], "texture": "#0"}
			}
		}
	],
	"display": {
		"thirdperson_righthand": {
			"rotation": [-22, -5, 0],
			"translation": [0.75, 7.5, -1.75]
		},
		"thirdperson_lefthand": {
			"rotation": [-22, -5, 0],
			"translation": [0, 7, -1.5]
		},
		"firstperson_righthand": {
			"rotation": [-39, -6, 0],
			"translation": [0, 5.25, 0]
		},
		"firstperson_lefthand": {
			"rotation": [-39, -6, 0],
			"translation": [0, 5.25, 0]
		},
		"ground": {
			"rotation": [55, 0, 0],
			"translation": [0, 5.75, 3]
		},
		"gui": {
			"rotation": [66, 47, -48],
			"translation": [0.75, 2, 0],
			"scale": [0.8, 0.8, 0.8]
		},
		"fixed": {
			"rotation": [0, 90, 0],
			"translation": [0.5, 5, -1]
		}
	}
}