{
	"credit": "Made with Blockbench",
	"textures": {
		"0": "block/pumpkin_side",
		"1": "block/pumpkin_top",
		"2": "block/carved_pumpkin",
		"particle": "block/pumpkin_side"
	},
	"elements": [
		{
			"from": [0, 0, 0],
			"to": [16, 16, 16],
			"faces": {
				"north": {"uv": [0, 0, 16, 16], "texture": "#2"},
				"east": {"uv": [0, 0, 16, 16], "texture": "#0"},
				"south": {"uv": [0, 0, 16, 16], "texture": "#0"},
				"west": {"uv": [0, 0, 16, 16], "texture": "#0"},
				"up": {"uv": [0, 0, 16, 16], "texture": "#1"},
				"down": {"uv": [0, 0, 16, 16], "texture": "#0"}
			}
		}
	],
	"display": {
		"head": {
			"translation": [0, 24.5, 0],
			"scale": [4, 4, 4]
		}
	}
}