{
	"credit": "Made with Blockbench",
	"textures": {
		"0": "item/iron_axe",
		"particle": "item/iron_axe"
	},
	"elements": [
		{
			"from": [8, 0, 8],
			"to": [9.5, 10, 9.5],
			"rotation": {"angle": 0, "axis": "y", "origin": [16, 8, 16]},
			"faces": {
				"north": {"uv": [0, 0, 1.5, 10], "texture": "#0"},
				"east": {"uv": [0, 0, 1.5, 10], "texture": "#0"},
				"south": {"uv": [0, 0, 1.5, 10], "texture": "#0"},
				"west": {"uv": [0, 0, 1.5, 10], "texture": "#0"},
				"up": {"uv": [0, 0, 1.5, 1.5], "texture": "#0"},
				"down": {"uv": [0, 0, 1.5, 1.5], "texture": "#0"}
			}
		},
		{
			"from": [2, 9, 4.25],
			"to": [16, 18, 13.25],
			"rotation": {"angle": 0, "axis": "y", "origin": [16, 17, 16]},
			"faces": {
				"north": {"uv": [0, 0, 14, 9], "texture": "#0"},
				"east": {"uv": [0, 0, 9, 9], "texture": "#0"},
				"south": {"uv": [0, 0, 14, 9], "texture": "#0"},
				"west": {"uv": [0, 0, 9, 9], "texture": "#0"},
				"up": {"uv": [0, 0, 14, 9], "texture": "#0"},
				"down": {"uv": [0, 0, 14, 9], "texture": "#0"}
			}
		}
	],
	"display": {
		"thirdperson_righthand": {
			"rotation": [0, 90, 0],
			"translation": [0, 3.25, 2.25]
		}
	}
}
