{
	"credit": "Made with Blockbench",
	"textures": {
		"0": "item/shield",
		"particle": "item/shield"
	},
	"elements": [
		{
			"from": [3, 0, 8],
			"to": [14, 12, 9],
			"rotation": {"angle": 0, "axis": "y", "origin": [15, 8, 16]},
			"faces": {
				"north": {"uv": [0, 0, 11, 12], "texture": "#0"},
				"east": {"uv": [0, 0, 1, 12], "texture": "#0"},
				"south": {"uv": [0, 0, 11, 12], "texture": "#0"},
				"west": {"uv": [0, 0, 1, 12], "texture": "#0"},
				"up": {"uv": [0, 0, 11, 1], "texture": "#0"},
				"down": {"uv": [0, 0, 11, 1], "texture": "#0"}
			}
		}
	],
	"display": {
		"thirdperson_righthand": {
			"rotation": [59, -64, 15],
			"translation": [2, 4, 5.5],
			"scale": [1.69, 2.4707, 0.71]
		},
		"gui": {
			"rotation": [0, 8, 0],
			"translation": [0, 2.25, 0],
			"scale": [0.75, 0.97, 0.81]
		}
	}
}
