{
	"credit": "Made with Blockbench",
	"textures": {
		"0": "block/lever",
		"1": "block/lever_base",
		"particle": "block/lever"
	},
	"elements": [
		{
			"from": [4, 0, 7],
			"to": [11, 3, 10],
			"rotation": {"angle": 0, "axis": "y", "origin": [18, 8, 15]},
			"faces": {
				"north": {"uv": [0, 0, 7, 3], "texture": "#1"},
				"east": {"uv": [0, 0, 3, 3], "texture": "#1"},
				"south": {"uv": [0, 0, 7, 3], "texture": "#1"},
				"west": {"uv": [0, 0, 3, 3], "texture": "#1"},
				"up": {"uv": [0, 0, 7, 3], "texture": "#1"},
				"down": {"uv": [0, 0, 7, 3], "texture": "#1"}
			}
		},
		{
			"from": [9, -2, 7.5],
			"to": [10.75, 6, 9.25],
			"rotation": {"angle": -22.5, "axis": "z", "origin": [17, 6, 16]},
			"faces": {
				"north": {"uv": [0, 0, 1.75, 8], "texture": "#0"},
				"east": {"uv": [0, 0, 1.75, 8], "texture": "#0"},
				"south": {"uv": [0, 0, 1.75, 8], "texture": "#0"},
				"west": {"uv": [0, 0, 1.75, 8], "texture": "#0"},
				"up": {"uv": [0, 0, 1.75, 1.75], "texture": "#0"},
				"down": {"uv": [0, 0, 1.75, 1.75], "texture": "#0"}
			}
		}
	]
}